product_id,stock_on_hand
MAC0001-CCL-OS,5
MAC0001-OLV-OS,5
MAC0030-NVY-OS,3
MAC0030-TIM-OS,4
MAC0081-DBH-OS,5
MAC0081-OHT-OS,5
MAC0081-WHH-OS,5
MBC0040-MGR-L,8
MBC0040-MGR-M,6
MBC0040-MGR-S,2
MBC0040-MGR-XL,3
MBC0040-MGR-XS,1
MBC0040-MGR-XXL,1
MBC0040-WBK-L,5
MBC0040-WBK-M,4
MBC0040-WBK-S,2
MBC0040-WBK-XL,2
MBC0040-WBK-XS,1
MBC0040-WBK-XXL,1
MBC0042-FOS-29,1
MBC0042-FOS-30,1
MBC0042-FOS-31,2
MBC0042-FOS-32,3
MBC0042-FOS-33,4
MBC0042-FOS-34,4
MBC0042-FOS-35,3
MBC0042-FOS-36,2
MBC0042-FOS-38,1
MBC0042-LSD-29,1
MBC0042-LSD-30,1
MBC0042-LSD-31,2
MBC0042-LSD-32,3
MBC0042-LSD-33,4
MBC0042-LSD-34,4
MBC0042-LSD-35,3
MBC0042-LSD-36,2
MBC0042-LSD-38,1
MBC0042-NVY-29,1
MBC0042-NVY-30,1
MBC0042-NVY-31,2
MBC0042-NVY-32,3
MBC0042-NVY-33,4
MBC0042-NVY-34,4
MBC0042-NVY-35,3
MBC0042-NVY-36,2
MBC0042-NVY-38,1
MBC0060-FGT-L,5
MBC0060-FGT-M,4
MBC0060-FGT-S,1
MBC0060-FGT-XL,1
MBC0060-HBT-L,5
MBC0060-HBT-M,4
MBC0060-HBT-S,1
MBC0060-HBT-XL,2
MKC0077-CCH-L,5
MKC0077-CCH-M,4
MKC0077-CCH-S,1
MKC0077-CCH-XL,3
MKC0077-CCH-XS,1
MKC0077-CCH-XXL,1
MKC0077-FFH-L,4
MKC0077-FFH-M,4
MKC0077-FFH-S,1
MKC0077-FFH-XL,2
MKC0077-FFH-XS,1
MKC0077-FFH-XXL,1
MKC0077-IVH-L,5
MKC0077-IVH-M,4
MKC0077-IVH-S,1
MKC0077-IVH-XL,3
MKC0077-IVH-XS,1
MKC0077-IVH-XXL,1
MKC0077-LIH-XS,1
MKC0077-LIH-L,5
MKC0077-LIH-M,4
MKC0077-LIH-S,1
MKC0077-LIH-XL,3
MKC0077-LIH-XXL,1
MKC0077-NVH-L,4
MKC0077-NVH-M,4
MKC0077-NVH-S,1
MKC0077-NVH-XL,2
MKC0077-NVH-XS,1
MKC0077-NVH-XXL,1
MKC0086-BLN-L,6
MKC0086-BLN-M,5
MKC0086-BLN-S,2
MKC0086-BLN-XL,3
MKC0086-BLN-XS,1
MKC0086-BLN-XXL,1
MKC0086-MDW-L,6
MKC0086-MDW-M,5
MKC0086-MDW-S,2
MKC0086-MDW-XL,3
MKC0086-MDW-XS,1
MKC0086-MDW-XXL,1
MKC0086-WBK-L,6
MKC0086-WBK-M,5
MKC0086-WBK-S,2
MKC0086-WBK-XL,3
MKC0086-WBK-XS,1
MKC0086-WBK-XXL,1
MKC0086-WHT-L,6
MKC0086-WHT-M,5
MKC0086-WHT-S,2
MKC0086-WHT-XL,3
MKC0086-WHT-XS,1
MKC0086-WHT-XXL,1
MKC0089-FDF-L,3
MKC0089-FDF-M,4
MKC0089-FDF-XL,2
MKC0089-FDF-XS,1
MKC0089-FDF-XXL,1
MKC0089-JAD-L,3
MKC0089-JAD-M,4
MKC0089-JAD-XL,2
MKC0089-JAD-XS,1
MKC0089-JAD-XXL,1
MKC0089-NVY-L,4
MKC0089-NVY-M,3
MKC0089-NVY-S,1
MKC0089-NVY-XL,2
MKC0089-NVY-XS,1
MKC0089-NVY-XXL,1
MKC0089-WBK-L,4
MKC0089-WBK-M,3
MKC0089-WBK-XL,2
MKC0089-WBK-XS,1
MKC0089-WBK-XXL,1
MKC0089-WHT-L,4
MKC0089-WHT-M,3
MKC0089-WHT-XL,2
MKC0089-WHT-XS,1
MKC0089-WHT-XXL,1
MKC0096-BLN-L,3
MKC0096-BLN-M,4
MKC0096-BLN-S,2
MKC0096-BLN-XL,2
MKC0096-BLN-XS,1
MKC0096-BLN-XXL,1
MKC0096-GRP-L,4
MKC0096-GRP-M,3
MKC0096-GRP-S,2
MKC0096-GRP-XS,1
MKC0096-GRP-XXL,1
MKC0096-LGH-L,4
MKC0096-LGH-M,4
MKC0096-LGH-S,2
MKC0096-LGH-XL,2
MKC0096-LGH-XS,1
MKC0096-LGH-XXL,1
MKC0096-SKY-M,4
MKC0096-SKY-S,2
MKC0096-SKY-XS,1
MKC0096-SKY-L,4
MKC0096-SKY-XL,2
MKC0096-SKY-XXL,1
MKC0096-WHT-L,4
MKC0096-WHT-M,4
MKC0096-WHT-S,2
MKC0096-WHT-XL,2
MKC0096-WHT-XS,1
MKC0096-WHT-XXL,1
MKC0099-FGT-L,5
MKC0099-FGT-M,4
MKC0099-FGT-S,2
MKC0099-FGT-XL,3
MKC0099-FGT-XS,1
MKC0099-FGT-XXL,1
MKC0099-HBT-L,5
MKC0099-HBT-M,4
MKC0099-HBT-S,2
MKC0099-HBT-XL,3
MKC0099-HBT-XS,1
MKC0099-HBT-XXL,1
MKC0102-WWT-L,4
MKC0102-WWT-M,4
MKC0102-WWT-S,2
MKC0102-WWT-XL,2
MKC0102-WWT-XS,1
MKC0102-WWT-XXL,1
MKC0103-WWT-L,4
MKC0103-WWT-M,4
MKC0103-WWT-S,2
MKC0103-WWT-XL,2
MKC0103-WWT-XS,1
MKC0103-WWT-XXL,1
MKC0104-WWT-L,4
MKC0104-WWT-M,4
MKC0104-WWT-S,2
MKC0104-WWT-XL,2
MKC0104-WWT-XS,1
MKC0104-WWT-XXL,1
MKC0112-SRR-L,5
MKC0112-SRR-M,4
MKC0112-SRR-S,2
MKC0112-SRR-XL,2
MKC0112-SRR-XS,1
MKC0112-SRR-XXL,1
MKC0113-SRP-L,4
MKC0113-SRP-M,4
MKC0113-SRP-S,2
MKC0113-SRP-XL,2
MKC0113-SRP-XS,1
MKC0113-SRP-XXL,1
MKC0114-MES-L,5
MKC0114-MES-M,4
MKC0114-MES-S,1
MKC0114-MES-XL,3
MKC0114-MES-XS,1
MKC0114-MES-XXL,1
MKC0114-PDS-L,4
MKC0114-PDS-M,4
MKC0114-PDS-XL,2
MKC0114-PDS-XXL,1
MKC0114-SNM-L,4
MKC0114-SNM-M,4
MKC0114-SNM-XL,2
MKC0114-SNM-XXL,1
MKC0115-CDB-L,3
MKC0115-CDB-M,3
MKC0115-CDB-S,1
MKC0115-CDB-XL,2
MKC0115-CDB-XS,1
MKC0115-CDB-XXL,1
MKC0115-HLS-L,3
MKC0115-HLS-M,3
MKC0115-HLS-S,1
MKC0115-HLS-XL,2
MKC0115-HLS-XS,1
MKC0115-HLS-XXL,1
MKC0115-RMD-L,3
MKC0115-RMD-M,3
MKC0115-RMD-S,1
MKC0115-RMD-XL,2
MKC0115-RMD-XS,1
MKC0115-RMD-XXL,1
MKC0115-SNM-M,3
MKC0115-SNM-S,1
MKC0115-SNM-XS,1
MKC0115-SNM-L,3
MKC0115-SNM-XL,2
MKC0115-SNM-XXL,1
MKC0115-WHT-L,3
MKC0115-WHT-M,3
MKC0115-WHT-S,1
MKC0115-WHT-XL,2
MKC0115-WHT-XS,1
MKC0115-WHT-XXL,1
MKC0118-SWV-L,6
MKC0118-SWV-M,5
MKC0118-SWV-S,2
MKC0118-SWV-XL,3
MKC0118-SWV-XS,1
MKC0118-SWV-XXL,1
MKC0120-SWI-L,5
MKC0120-SWI-M,4
MKC0120-SWI-XL,2
MKC0120-SWI-XXL,1
MKC0122-OSR-L,5
MKC0122-OSR-M,4
MKC0122-OSR-S,2
MKC0122-OSR-XL,3
MKC0122-OSR-XS,1
MKC0122-OSR-XXL,1
MOC0010-DNM-L,3
MOC0010-DNM-M,3
MSC0004-FIS-L,2
MSC0004-FIS-M,2
MSC0004-FIS-S,1
MSC0004-FIS-XL,1
MSC0005-FIS-30,1
MSC0005-FIS-31,1
MSC0005-FIS-32,2
MSC0005-FIS-33,2
MSC0005-FIS-34,2
MSC0005-FIS-35,1
MSC0005-FIS-36,1
MSC0006-BRW-30,1
MSC0006-BRW-31,1
MSC0006-BRW-32,2
MSC0006-BRW-33,2
MSC0006-BRW-34,2
MSC0006-BRW-35,1
MSC0006-BRW-36,1
MSC0012-CCL-29,1
MSC0012-CCL-30,1
MSC0012-CCL-31,2
MSC0012-CCL-32,3
MSC0012-CCL-33,4
MSC0012-CCL-34,4
MSC0012-CCL-35,3
MSC0012-CCL-36,2
MSC0012-CCL-38,1
MSC0012-ICE-29,1
MSC0012-ICE-30,1
MSC0012-ICE-31,2
MSC0012-ICE-32,3
MSC0012-ICE-33,4
MSC0012-ICE-34,4
MSC0012-ICE-35,3
MSC0012-ICE-36,2
MSC0012-ICE-38,1
MSC0012-NVY-29,1
MSC0012-NVY-30,1
MSC0012-NVY-31,2
MSC0012-NVY-32,3
MSC0012-NVY-33,4
MSC0012-NVY-34,4
MSC0012-NVY-35,3
MSC0012-NVY-36,2
MSC0012-NVY-38,1
MSC0013-CCL-29,1
MSC0013-CCL-30,1
MSC0013-CCL-31,2
MSC0013-CCL-32,3
MSC0013-CCL-33,4
MSC0013-CCL-34,4
MSC0013-CCL-35,3
MSC0013-CCL-36,2
MSC0013-CCL-38,1
MSC0013-ICE-29,1
MSC0013-ICE-30,1
MSC0013-ICE-31,2
MSC0013-ICE-32,3
MSC0013-ICE-33,4
MSC0013-ICE-34,4
MSC0013-ICE-35,3
MSC0013-ICE-36,2
MSC0013-ICE-38,1
MSC0013-NVY-29,1
MSC0013-NVY-30,1
MSC0013-NVY-31,2
MSC0013-NVY-32,3
MSC0013-NVY-33,4
MSC0013-NVY-34,4
MSC0013-NVY-35,3
MSC0013-NVY-36,2
MSC0013-NVY-38,1
MSC0013-WBE-30,1
MSC0013-WBE-31,2
MSC0013-WBE-32,3
MSC0013-WBE-33,4
MSC0013-WBE-34,4
MSC0013-WBE-35,3
MSC0013-WBE-36,2
MSC0013-WBE-38,1
MWC0017-FSR-L,6
MWC0017-FSR-M,4
MWC0017-FSR-S,2
MWC0017-FSR-XL,3
MWC0017-FSR-XS,1
MWC0017-FSR-XXL,1
MWC0017-MNF-L,6
MWC0017-MNF-M,4
MWC0017-MNF-S,2
MWC0017-MNF-XL,3
MWC0017-MNF-XS,1
MWC0017-MNF-XXL,1
MWC0081-GCP-L,6
MWC0081-GCP-M,5
MWC0081-GCP-S,1
MWC0081-GCP-XL,3
MWC0081-GCP-XS,1
MWC0081-GCP-XXL,1
MWC0081-LBI-L,6
MWC0081-LBI-M,5
MWC0081-LBI-S,1
MWC0081-LBI-XL,3
MWC0081-LBI-XS,1
MWC0081-LBI-XXL,1
MWC0082-ATS-L,6
MWC0082-ATS-M,5
MWC0082-ATS-S,1
MWC0082-ATS-XL,3
MWC0082-ATS-XS,1
MWC0082-ATS-XXL,1
MXC0001-SHP-L,6
MXC0001-SHP-M,6
MXC0001-SHP-S,1
MXC0001-SHP-XL,3
MXC0001-SHP-XXL,1
MXC0002-WBT-XXL,1
MXC0006-WBK-L,4
MXC0006-WBK-M,4
MXC0006-WBK-S,1
MXC0006-WBK-XL,2
MXC0006-WBK-XXL,1
MXC0006-WHT-L,4
MXC0006-WHT-M,4
MXC0006-WHT-S,1
MXC0006-WHT-XL,2
MXC0006-WHT-XXL,1
MXF2105-RBE-L,5
MXF2105-RBE-M,4
MXF2105-RBE-S,1
MXF2105-RBE-XL,2
MXF2105-RBE-XXL,1
MXF2105-TUN-M,5
MYC0004-SRP-L,5
MYC0004-SRP-M,4
MYC0004-SRP-S,1
MYC0004-SRP-XL,2
MYC0004-SRP-XXL,1
MBS2206-CCL-L,4
MBS2206-CCL-M,4
MBS2206-CCL-S,1
MBS2206-CCL-XL,2
MBS2206-CCL-XXL,1
MBS2206-ICE-L,4
MBS2206-ICE-M,4
MBS2206-ICE-S,1
MBS2206-ICE-XL,2
MBS2206-ICE-XXL,1
MBS2206-NVY-L,4
MBS2206-NVY-M,4
MBS2206-NVY-S,1
MBS2206-NVY-XL,2
MBS2206-NVY-XXL,1
MBS2217-IRN-29,1
MBS2217-IRN-30,1
MBS2217-IRN-31,2
MBS2217-IRN-32,2
MBS2217-IRN-33,3
MBS2217-IRN-34,3
MBS2217-IRN-35,2
MBS2217-IRN-36,2
MBS2217-IRN-38,1
MBS2217-NVY-29,1
MBS2217-NVY-30,1
MBS2217-NVY-31,2
MBS2217-NVY-32,2
MBS2217-NVY-33,3
MBS2217-NVY-34,3
MBS2217-NVY-35,2
MBS2217-NVY-36,2
MBS2217-NVY-38,1
MBS2217-STN-29,1
MBS2217-STN-30,1
MBS2217-STN-31,2
MBS2217-STN-32,2
MBS2217-STN-33,3
MBS2217-STN-34,3
MBS2217-STN-35,2
MBS2217-STN-36,2
MBS2217-STN-38,1
MKS2212-BSR-L,5
MKS2212-BSR-M,4
MKS2212-BSR-S,2
MKS2212-BSR-XL,3
MKS2212-BSR-XS,1
MKS2212-BSR-XXL,1
MKS2216-CWB-L,4
MKS2216-CWB-M,4
MKS2216-CWB-S,1
MKS2216-CWB-XL,2
MKS2216-CWB-XXL,1
MKS2233-ASR-L,4
MKS2233-ASR-M,4
MKS2233-ASR-S,1
MKS2233-ASR-XL,2
MKS2233-ASR-XXL,1
MOS2212-HSP-L,4
MOS2212-HSP-M,3
MOS2213-MIL-L,4
MOS2216-OLV-L,4
MOS2216-OLV-M,4
MOS2216-OLV-S,1
MOS2216-OLV-XL,2
MOS2216-OLV-XXL,1
MSS2204-MSY-L,2
MSS2204-MSY-M,2
MSS2204-MSY-S,1
MSS2204-MSY-XL,1
MWS2206-SKP-L,6
MWS2206-SKP-M,5
MWS2206-SKP-S,2
MWS2206-SKP-XL,3
MWS2206-SKP-XS,1
MWS2206-SKP-XXL,1
MWS2206-SMP-M,5
MWS2206-SMP-S,2
MWS2206-SMP-XS,1
MXF2105-TUN-L,4
MXF2105-TUN-XL,2
MYF2105-GMR-L,4
MYF2105-GMR-M,3
MYF2105-GMR-S,1
MYF2105-GMR-XL,2
MYF2105-GMR-XXL,1
MWS2206-SMP-L,6
MWS2206-SMP-XL,3
MWS2206-SMP-XXL,1
MWS2215-MSE-L,4
MWS2215-MSE-M,4
MWS2215-MSE-S,1
MWS2215-MSE-XL,2
MWS2215-MSE-XS,1
MWS2215-MSE-XXL,1
MWS2219-VIN-L,4
MWS2219-VIN-M,4
MWS2219-VIN-XL,3
MWS2219-VIN-XXL,1
MXS2205-RIS-XXL,1
MYS2203-TEL-L,2
MYS2203-TEL-M,2
MYS2203-TEL-S,1
MYS2203-TEL-XL,1
MYS2205-SDV-L,3
MYS2205-SDV-M,3
MYS2205-SDV-S,1
MYS2205-SDV-XL,1
MYS2205-SDV-XXL,1
HAC0001-ARA-OS,3
HAC0001-GCS-OS,3
HAC0001-IBF-OS,3
HAC0001-NOM-OS,3
HAC0001-PMO-OS,3
HAC0001-PRS-OS,3
HAC0001-SHR-OS,3
WBC0001-NVY-L,2
WBC0001-NVY-M,3
WBC0001-NVY-S,4
WBC0001-NVY-XS,2
WBC0001-SPG-L,2
WBC0001-SPG-M,3
WBC0001-SPG-S,4
WBC0001-SPG-XS,2
WBC0001-STN-L,2
WBC0001-STN-M,3
WBC0001-STN-S,4
WBC0001-STN-XS,2
WBC0001-WBK-L,2
WBC0001-WBK-M,3
WBC0001-WBK-S,4
WBC0001-WBK-XS,2
WBC0015-RRS-L,2
WBC0015-RRS-M,4
WBC0015-RRS-S,5
WBC0015-RRS-XL,1
WBC0015-RRS-XS,2
WBC0035-WWT-L,2
WBC0035-WWT-M,3
WBC0035-WWT-S,4
WBC0035-WWT-XS,2
WDC0002-BMT-L,2
WDC0002-BMT-M,4
WDC0002-BMT-S,5
WDC0002-BMT-XL,1
WDC0002-BMT-XS,3
WDC0003-IND-L,2
WDC0003-IND-M,4
WDC0003-IND-S,5
WDC0003-IND-XL,1
WDC0003-IND-XS,3
WKC0001-MSL-S,5
WKC0001-MSL-XL,1
WKC0001-PWT-L,2
WKC0001-PWT-M,3
WKC0001-PWT-S,4
WKC0001-PWT-XL,1
WKC0001-PWT-XS,2
WKC0012-WWT-L,2
WKC0012-WWT-M,3
WKC0012-WWT-S,4
WKC0012-WWT-XS,2
WTC0001-VCR-L,1
WTC0001-VCR-M,3
WTC0001-VCR-S,4
WTC0001-VCR-XS,2
WTC0001-WHT-L,2
WTC0001-WHT-M,4
WTC0001-WHT-S,5
WTC0001-WHT-XL,1
WTC0001-WHT-XS,3
WTC0002-WHT-L,2
WTC0002-WHT-M,3
WTC0002-WHT-S,4
WTC0002-WHT-XS,2
WYC0003-YSR-L,2
WYC0003-YSR-M,4
WYC0003-YSR-S,5
WYC0003-YSR-XL,1
WYC0003-YSR-XS,3
HAC0081-ARA-OS,2
HAC0081-GCS-OS,2
HAC0081-NOM-OS,2
HAC0081-PMO-OS,2
HAC0081-PRS-OS,2
HAC0082-SUN-OS,2
MAH2150-NVY-OS,5
UAC0154-LBL-OS,2
WBS2213-LIN-L,1
WBS2213-LIN-M,2
WBS2213-PTD-L,1
WBS2213-PTD-M,2
WBS2213-PTD-S,3
WBS2223-FTG-26,2
WBS2223-FTG-27,3
WBS2223-FTG-28,2
WBS2223-FTG-29,1
WBS2223-FTG-30,1
WBS2228-PIR-L,2
WBS2228-PIR-M,4
WBS2228-PIR-S,4
WBS2228-PIR-XS,3
WBS2232-NAT-L,2
WBS2232-NAT-M,4
WBS2232-NAT-S,5
WBS2232-NAT-XL,1
WBS2232-NAT-XS,2
WBS2237-NVY-L,2
WBS2237-NVY-M,4
WBS2237-NVY-S,4
WBS2237-NVY-XL,1
WBS2237-NVY-XS,2
WBS2237-WSW-L,1
WBS2237-WSW-M,3
WBS2237-WSW-S,4
WBS2237-WSW-XL,1
WBS2237-WSW-XS,2
WDS2201-ALS-L,2
WDS2201-ALS-M,3
WDS2201-ALS-S,4
WDS2201-ALS-XL,1
WDS2201-ALS-XS,2
WDS2201-NJD-L,2
WDS2201-NJD-M,3
WDS2201-NJD-S,4
WDS2201-NJD-XL,1
WDS2201-NJD-XS,2
WDS2205-GYD-L,1
WDS2205-GYD-M,3
WDS2205-GYD-S,4
WDS2205-GYD-XL,1
WDS2205-GYD-XS,2
WDS2205-WBK-L,1
WDS2205-WBK-M,3
WDS2205-WBK-S,4
WDS2205-WBK-XL,1
WDS2205-WBK-XS,2
WDS2214-BSK-S,3
WDS2214-BSK-XS,2
WDS2215-CWD-L,2
WDS2215-CWD-M,4
WDS2215-CWD-S,5
WDS2215-CWD-XL,1
WDS2215-CWD-XS,3
WDS2221-BIR-XS,2
WKF2107-TCB-L,2
WKF2107-TCB-M,4
WKF2107-TCB-S,5
WKF2107-TCB-XL,1
WKF2107-TCB-XS,3
WOH2113-THB-L,2
WOH2113-THB-M,3
WOH2113-THB-S,4
WOH2113-THB-XL,1
WOH2113-THB-XS,2
WYF2106-NCB-L,2
WYF2106-NCB-M,4
WYF2106-NCB-S,5
WYF2106-NCB-XL,1
WYF2106-NCB-XS,3
WDS2221-BIR-L,1
WDS2221-BIR-M,3
WDS2221-BIR-S,4
WDS2226-CYS-L,1
WDS2226-CYS-M,3
WDS2226-CYS-S,4
WDS2226-CYS-XS,2
WDS2241-IGF-L,2
WDS2241-IGF-M,4
WDS2241-IGF-S,5
WDS2241-IGF-XL,1
WDS2241-IGF-XS,3
WKS2201-SAD-L,2
WKS2201-SAD-M,3
WKS2201-SAD-S,4
WKS2201-SAD-XS,2
WKS2206-NLF-L,1
WKS2210-WBK-L,1
WKS2210-WBK-M,3
WKS2210-WBK-S,4
WKS2210-WBK-XS,2
WKS2210-WSW-L,1
WKS2210-WSW-M,3
WKS2210-WSW-S,4
WKS2210-WSW-XS,2
WKS2212-ARS-L,1
WKS2212-ARS-M,3
WKS2212-ARS-S,4
WKS2212-ARS-XS,2
WKS2212-MAI-L,1
WKS2212-MAI-M,3
WKS2212-MAI-S,4
WKS2212-MAI-XS,2
WKS2212-WHT-L,1
WKS2212-WHT-M,3
WKS2212-WHT-S,4
WKS2212-WHT-XS,2
WKS2215-WHT-L,2
WKS2215-WHT-M,4
WKS2215-WHT-S,4
WKS2215-WHT-XS,2
WKS2222-BEK-L,1
WKS2222-BEK-M,3
WKS2222-BEK-S,4
WKS2222-BEK-XS,2
WKS2229-HBP-L,2
WKS2229-HBP-S,5
WKS2229-HBP-XL,1
WKS2233-BSK-L,2
WKS2233-BSK-M,4
WKS2233-BSK-S,4
WKS2233-BSK-XS,2
WKS2234-OCW-L,2
WKS2234-OCW-M,4
WKS2234-OCW-S,5
WKS2234-OCW-XL,1
WKS2234-OCW-XS,3
WKS2235-NVY-M,3
WKS2235-NVY-S,4
WKS2235-WSW-L,2
WKS2235-WSW-M,3
WKS2235-WSW-S,4
WKS2235-WSW-XS,2
WKS2236-WHT-L,1
WKS2236-WHT-M,3
WKS2236-WHT-S,4
WKS2236-WHT-XS,2
WOS2207-FTG-L,2
WOS2207-FTG-M,4
WOS2207-FTG-S,4
WOS2207-FTG-XS,2
WTS2201-IGF-L,1
WTS2201-IGF-M,3
WTS2201-IGF-S,4
UAC0033-GRY-L,4
UAC0033-GRY-M,3
UAC0033-WHT-L,4
UAC0033-WHT-M,3
UAC0035-LGR-L,4
UAC0035-LGR-M,1
UAC0036-BLK-L,4
UAC0036-WHT-L,4
UAC0113-DMG-OS,4
UAC0115-CCG-OS,4
UAC0115-CVB-OS,4
UAC0115-HUR-OS,4
UAC0117-BRT-OS,4
UAC0117-MBM-OS,4
UAC0118-BRB-OS,3
UAC0210-BRT-OS,4
UAC0211-GGR-OS,4
UAC0212-CRY-OS,4
UAC0212-GVB-OS,3
UAC2200-SMN-OS,16
WAC2010-AGE-OS,4
WAC2010-BLI-OS,1
WBC0008-FTW-25,1
WBC0008-FTW-26,2
WBC0008-FTW-27,2
WTS2209-ECC-L,1
WTS2209-ECC-M,3
WTS2209-ECC-S,4
WTS2209-ECC-XS,2
WTS2213-CRG-M,2
WTS2213-CRG-S,4
WTS2219-WHT-L,1
WTS2219-WHT-M,2
WTS2219-WHT-S,3
WTS2222-WBK-L,2
WTS2222-WBK-M,3
WTS2222-WBK-S,4
WTS2222-WBK-XS,2
WTS2222-WSW-L,2
WTS2222-WSW-M,3
WTS2222-WSW-S,4
WTS2222-WSW-XS,2
WWS2201-PIR-L,2
WWS2201-PIR-M,4
WWS2201-PIR-S,4
WYS2207-MLM-L,1
WYS2207-MLM-M,3
WYS2207-MLM-S,4
WYS2207-MLM-XS,2
WYS2216-OPW-L,1
WYS2216-OPW-M,3
WYS2216-OPW-S,4
WYS2216-OPW-XS,2
WYS2223-VTV-L,2
WYS2223-VTV-M,4
WYS2223-VTV-S,5
WYS2223-VTV-XL,1
WYS2223-VTV-XS,3
WYS2227-MAE-L,1
WYS2227-MAE-S,4
WYS2227-MAE-XS,2
WAS2202-TCR-OS,3
WAS2203-BLK-OS,3
WAS2203-PNK-OS,3
WAS2204-BLU-OS,3
WAS2204-PNK-OS,3
WBC0008-FTW-28,3
WBC0008-FTW-29,2
WBC0008-FTW-30,1
WBC0036-EGL-25,1
WBC0036-EGL-26,2
WBC0036-EGL-28,2
WBC0036-EGL-30,1
WBC0042-VWH-25,1
WBC0042-VWH-26,2
WBC0042-VWH-27,2
WBC0042-VWH-28,1
WBC0042-VWH-29,2
WBC0042-VWH-30,1